guideid,guidename,phoneNumber
1,Emmett Rosevear,159-946-9541
2,Grazia Lyle,878-564-2417
3,Irwin Wroath,872-491-1151
4,Cordy Prozillo,767-816-1327
5,Lindsay Brickwood,593-915-0740
6,Carlos Neave,968-625-7435
7,Portie Gristock,565-971-7979
8,Amory Struis,394-996-6553
9,Lamond Greenless,511-248-5437
10,Scotty Sumshon,875-397-7836
11,Brady Mullan,106-887-0408
12,Kenton Deason,344-111-8160
13,Glenine Goodings,908-775-6779
14,Skippy Lewer,800-494-9927
15,Broddy Jemmett,192-713-7776
16,Stephana Wingham,140-833-5921
17,Nigel McKune,550-977-4012
18,Sherwin Spittle,676-645-2691
19,Dyana Elion,864-842-8722
20,Chryste Vowell,106-975-9858
21,Row Boij,318-737-2141
22,Wylma Cannon,386-872-5147
23,Deina Colville,866-582-7565
24,Red Whitticks,280-226-3944
25,Glen Demer,385-929-1475
26,Moore Georgescu,247-245-9451
27,Coralyn McAulay,715-285-5668
28,Zared Glencross,944-755-8305
29,Ronni Gurys,523-153-1722
30,Mead Bizzey,177-346-4786
31,Lil Wilcinskis,410-210-5429
32,Belita Housam,686-579-0250
33,Netty Feldmark,920-933-9979
34,Ernestine Blundon,185-244-1932
35,Mae Demicoli,532-927-8371
36,Anett Eunson,631-628-4789
37,Belia Girkins,916-877-2066
38,Babbie Gosford,197-903-3381
39,Carlos Straneo,291-174-2876
40,Meredith Chaves,220-982-4478
41,Inness Surtees,111-317-1755
42,Ilyse Jina,172-330-7968
43,Uta Niblett,671-309-9596
44,Carver Giuroni,953-100-0955
45,Abbe Percy,288-590-1549
46,Fowler Fowler,904-723-9164
47,Clemente Mandel,150-598-6635
48,Ancell Gallamore,914-748-3570
49,Iseabal Jancey,944-443-8776
50,Jefferey Lillie,324-126-2296
51,Lannie Echallier,642-193-6894
52,Leanna Fadian,498-942-2867
53,Chane Kingsnode,566-142-4591
54,Aile Lille,757-357-2525
55,Fanchette Tench,553-886-8750
56,Forster Jeffcoate,946-373-0264
57,Guinna Eminson,160-114-0927
58,Jada Scalia,570-310-3141
59,Candy Mulqueen,969-772-6417
60,Sammie Pellington,769-672-3140
61,Rita Brewitt,773-346-2737
62,Lin Cripps,317-908-0828
63,Jorrie Perez,634-648-8433
64,Onfre Werrit,713-107-0889
65,Horacio Abbet,268-179-1738
66,Simona McInnes,873-921-2212
67,Jacquelynn Blakeston,817-587-2326
68,Ina Stringer,690-348-3361
69,Clyde Backshall,641-753-5043
70,Gilbert Mollnar,549-702-7160
71,Daria Franchi,803-686-8168
72,Auguste Boom,655-333-5244
73,Bibbye Sone,201-559-1738
74,Glendon McGookin,994-715-7561
75,Myrtia Rylance,369-333-0830
76,Aubrette Clampett,509-145-4700
77,Richie Rugg,890-810-0858
78,Dix Robet,960-843-6562
79,Agnesse Brooksbank,957-718-4801
80,Helen-elizabeth Gerin,111-608-2351
81,Dermot Siret,275-467-0079
82,Onfre Lorryman,907-482-0724
83,Yelena Hellmer,479-991-6943
84,Basia Heak,942-314-3377
85,Brad Alsopp,784-751-4352
86,Kain Rogans,568-825-5740
87,Dorelle Brazear,949-893-0039
88,Bobina Seldon,826-928-3201
89,Cherilynn Steere,718-808-0369
90,Cicily Smickle,251-487-2451
91,Alister Greasley,869-277-7268
92,Candi Camier,320-170-5706
93,Noreen Rigler,599-556-4017
94,Fritz Monk,997-770-2580
95,Uri Giabuzzi,574-574-9509
96,Kippy Neylan,932-967-7495
97,Shaughn Oak,339-706-2633
98,Vail Camel,995-924-6608
99,Raphaela Trapp,548-977-7057
100,Nikki O'Feeney,413-151-8167
101,Yorke LLelweln,559-130-1090
102,Teresa Monksfield,129-968-6176
103,Pietra Aleksidze,295-895-0149
104,Nanine Reiglar,257-246-4683
105,Lauryn Hryniewicz,217-422-6164
106,Othello Sotham,910-820-9500
107,Laetitia MacClinton,260-451-8930
108,Adam Gertz,152-468-7251
109,Ayn Fancott,143-758-5574
110,Gweneth Larmour,202-482-9563
111,Worthington O'Lunney,466-655-5507
112,Aile Yurinov,639-883-4044
113,Richard Lindeboom,214-477-9422
114,Gabby Pentycost,869-598-5198
115,Edita Close,347-907-4941
116,Cordula Mc Ilwrick,503-503-3125
117,Hadria Durand,811-860-2403
118,Brodie Paulitschke,398-584-5428
119,Sanford Quinnet,458-439-0107
120,Trina Pandya,395-343-7594
121,Rachael Boc,509-181-7427
122,Levy Hyman,730-954-8673
123,Guenevere Collins,632-935-4023
124,Creight Runnicles,576-614-5437
125,Trisha Spikins,534-113-0371
126,Wake Kollaschek,785-580-4375
127,Danny Sidgwick,856-773-9103
128,Delcina Grissett,945-923-4680
129,Freddi Ubsdale,605-769-9307
130,Ewart Copcott,799-629-0291
131,Marc Crafts,420-896-3852
132,Jobey Wixey,786-980-0261
133,Michal Minty,257-540-7311
134,Nerta Bresner,720-256-7629
135,Dagmar Bentick,623-995-7919
136,Sheryl Weight,662-474-1180
137,Humphrey Tureville,305-688-5626
138,Shir Buttler,128-725-2147
139,Fayre Twelftree,244-486-5892
140,Marcella Crevy,254-626-2115
141,Andrey Dalla,293-298-7713
142,Nessi Fuller,907-981-5327
143,Lucie Elmer,557-565-8868
144,Vida McEnhill,568-608-5914
145,Carmen Nettle,427-640-2613
146,Mitchel Manus,254-675-0771
147,Braden Wardlow,424-432-6464
148,Zacharia Macro,233-724-2482
149,Miner Cinavas,331-741-7504
150,Caprice Flew,452-432-1549
151,Rick Daintry,437-627-5500
152,Had Knoller,148-999-9857
153,Gerek Tewelson,243-250-4420
154,Raeann Gatward,619-501-9062
155,Larina Keigher,502-557-5103
156,Minta Filippone,939-962-6801
157,Pate Croker,614-421-4304
158,Terrijo Bidgood,363-923-4043
159,David Timoney,935-265-8112
160,Pietra Smales,238-760-6391
161,Hamnet Fetherstonhaugh,645-638-7647
162,Pearline Revance,353-143-4271
163,Brunhilde Babar,681-159-7334
164,Elissa Kirkwood,964-712-8659
165,Lisabeth Phillcock,117-693-5789
166,Terri Vasyunichev,810-579-1648
167,Heidi Shutt,347-443-2664
168,Danica Bousquet,565-470-8922
169,Alexandrina Cockshot,505-294-5591
170,Bobby Chapling,343-293-3003
171,Elton Gossage,754-958-4991
172,Robinetta Ishaki,880-464-5785
173,Howie Vegas,971-365-5953
174,Thaine Ivanaev,525-511-2970
175,Gaston Eldin,332-260-3272
176,Mikaela Presdee,496-342-1755
177,Hirsch De Blasi,937-505-8437
178,Felisha Dymott,382-842-4258
179,Joane Allchin,436-352-4834
180,Chrysler Semerad,759-289-4465
181,Sarina Dudenie,140-183-6042
182,Judy Bergen,570-757-9358
183,Cobbie Antonopoulos,354-586-1899
184,Verile Escudier,734-862-3654
185,Kaspar Yurasov,992-196-1554
186,Francine Rooze,197-534-3282
187,Salmon Jerromes,384-218-2116
188,Raleigh Sabattier,238-111-3971
189,Christiano Greim,239-357-8172
190,Augusta McKinney,498-344-7489
191,Agnella Pardon,683-400-7814
192,Wade Stiller,285-662-0315
193,Opal Kern,970-248-8839
194,Vonny Magill,737-312-0078
195,Diarmid Mettetal,679-399-7284
196,Farr Harriman,942-682-6300
197,Faustina Culpin,117-372-6991
198,Lora Haggarth,995-704-4072
199,Terrill Domerque,810-914-8338
200,Darbie Inworth,593-685-4806
201,Tania Baleine,609-612-1868
202,Kathryn Billsberry,106-644-1211
203,Bev Tavinor,270-951-7475
204,Melvyn Yakob,881-249-3552
205,Jaime January,144-572-7180
206,Marleah Grabeham,747-712-3171
207,Ebonee Antwis,400-266-0523
208,Kip Cogger,815-810-7545
209,Gwenora Assender,387-302-0360
210,Crystie Carlino,133-592-4889
211,Fifi Saphin,659-501-6030
212,Isidro Mechem,117-797-4131
213,Sayre Kleyn,774-387-9078
214,Ossie Patillo,878-492-1849
215,Shani McCunn,498-481-1275
216,Kalinda Jedrzejewicz,820-204-7548
217,Laney Paolotto,360-326-1383
218,Nicholle Creelman,195-721-4431
219,Marilee Gaffey,536-464-9277
220,Friedrich Lovelock,938-300-7587
221,Scotty Rushbury,872-296-1492
222,Bethina Klemke,422-205-4600
223,Grove Baton,524-123-2582
224,Holden Bangham,130-353-8408
225,Cointon Peaddie,999-308-1263
226,Cyndie Wyatt,434-745-4583
227,Joceline Gateley,224-862-3482
228,Verna Craythorne,472-787-1676
229,Chloette Pennington,144-899-9766
230,Antonietta Busch,821-358-0770
231,Stanleigh Woolstenholmes,120-654-3114
232,Jillene Rochell,801-635-3206
233,Wally Redshaw,884-871-8496
234,Griswold Perkins,214-902-3007
235,Arlene Ruberry,602-717-8049
236,Kai Yakhin,672-395-5495
237,Hollis Scroxton,991-929-3622
238,Ryan Skyrme,356-270-8297
239,Zitella Rachuig,312-311-6027
240,Jenica McCurt,508-171-3422
241,Ulberto Loffhead,714-217-4500
242,Charis Brend,718-874-5123
243,Had Willox,980-780-6235
244,Kay Salling,621-493-4458
245,Evie Swinley,279-109-7364
246,Waldon Wenn,260-856-0867
247,Theresina Bonett,196-904-7351
248,Myrta Cicchelli,557-224-8842
249,Nessy Clapston,780-426-8819
250,Christopher Surby,822-202-3767
251,Goober Whayman,925-395-0493
252,Nickola Toffaloni,711-637-2738
253,Audrye Westpfel,463-224-4822
254,Catlee Hoys,316-441-9241
255,Marcella De Angelo,288-320-0449
256,Sergeant Hembery,434-752-4417
257,Dorine Epsly,447-705-8117
258,Marcellina Woodyatt,654-546-7069
259,Cher McClean,277-381-1702
260,Megan Kippax,513-341-9363
261,Marcie Codman,229-715-1210
262,Delphine Lurner,844-476-5227
263,Arv Pendrigh,588-573-4514
264,Davide Levicount,109-152-9736
265,Phillis Shemwell,200-519-5150
266,Laurence Hannon,996-792-7840
267,Tanner Deschlein,960-533-6081
268,Silvia Rowan,579-483-5362
269,Erastus Ferrige,802-898-0101
270,Margareta Kilsby,846-131-9672
271,Glyn Koop,217-849-0657
272,Merill Thinn,803-914-6150
273,Drud Parrott,214-809-0129
274,Rinaldo Buckner,775-103-0006
275,Hernando Sherringham,247-167-7617
276,Valery Leed,976-711-1436
277,Elnar Resdale,465-706-7033
278,Quillan Bloxham,741-531-4177
279,Anders Bellows,861-524-5712
280,Chad Sadler,971-215-0888
281,Daveta Orbon,595-241-2696
282,Elroy Shakesby,295-745-9275
283,Benedetto Hyatt,908-690-8457
284,Hoebart Huxster,110-833-6490
285,Elias McDyer,339-210-2260
286,Ardenia Bartoletti,249-247-1618
287,Merle Dumini,941-520-3452
288,Dyann Nieass,977-672-7193
289,Reinold Christin,183-635-4831
290,Payton Haldon,916-719-7708
291,Shepard Dymock,637-406-2116
292,Faythe Feaster,414-221-3618
293,Bayard Seamarke,679-136-1051
294,Roberta Charopen,518-141-6304
295,Vince Imms,330-490-7453
296,Kellina D'Enrico,602-370-9171
297,Prissie Conkie,227-576-5021
298,Doralynne Whissell,141-644-6003
299,Dionne Clewley,236-665-0435
300,Bentley Crang,182-866-0067
301,Urson Points,206-121-8814
302,Sylvan Skitterel,528-497-7987
303,Drugi Bruckent,558-516-4130
304,Randy Bratty,413-285-9657
305,Tasia Castagneri,336-525-9568
306,Jewell Briddle,502-688-1902
307,Gillian Behrens,720-664-5186
308,Kaitlyn Tissier,814-339-0016
309,Ezequiel Edelheit,792-874-5504
310,Ginelle Oake,215-316-3816
311,Tobias Kitchingman,466-360-8175
312,Griffy Feria,555-955-9642
313,Shell Newlands,316-216-8605
314,Hobart Mayne,244-442-4668
315,Jamison Charte,634-515-7648
316,Ezra McKnish,837-441-8627
317,Vassili Sekulla,727-836-1455
318,Karia Battaille,286-150-3131
319,Flori Sweetnam,174-330-2657
320,Bar Gregoraci,774-829-8120
321,Lucia Broinlich,733-983-8462
322,Vidovic Loblie,807-225-0508
323,Jarret Lammerts,238-433-7533
324,Alaine McWilliams,823-233-2117
325,Nikola Meach,141-519-1788
326,Dulce Anfusso,696-566-1383
327,Niels Labrum,612-619-3296
328,Andris Billham,694-947-9200
329,Jabez Marcussen,156-464-9314
330,Lainey Conwell,723-250-8569
331,Cleve Siccombe,116-592-1854
332,Warren Korting,942-433-5277
333,Abagail Rance,346-809-9487
334,Jackelyn Kobiera,544-769-7103
335,Georgina Stannah,537-877-5654
336,Hinze Haswell,861-190-2779
337,Tamara Chanter,362-590-2550
338,Halette Aseef,343-478-0250
339,Ermina Safont,705-360-1094
340,Spike Bello,390-660-5861
341,Jordon Gillatt,318-950-8566
342,Jordan Slark,428-513-7696
343,Bryon Umney,257-789-2888
344,Wilhelmine Grayham,149-142-4673
345,Jacquetta Baird,890-373-4419
346,Lynelle Martel,928-536-2128
347,Kristofor MacRirie,105-364-7138
348,Mary Sinnie,591-722-4181
349,Rhett Abley,168-755-4670
350,Mic Whittet,190-156-2228
351,Ninnette Caser,500-315-5839
352,Ewart Gaddesby,952-474-4313
353,Neilla Gouly,257-226-9624
354,Abram Richfield,415-168-7924
355,Frazier Lindfors,278-670-8446
356,Leilah Yeend,818-558-7644
357,Griz Casaro,915-501-6820
358,Sibelle Buxsey,356-829-4787
359,Gayler Jerok,923-544-1166
360,Lorant Delicate,523-175-3618
361,Vivi Enders,130-549-4042
362,Orazio Alywen,677-791-8481
363,Rance Leber,135-930-1189
364,Monty Habershon,264-691-2232
365,Kylen MacAndreis,588-752-8138
366,Falito Rosina,901-959-8841
367,Em Slatten,677-765-0423
368,Swen Carnock,373-904-7117
369,Lorilyn Baughen,479-672-0318
370,Brander Kares,209-980-6739
371,Sarajane Carthew,211-346-6828
372,Poppy Cogdon,356-242-4535
373,Sydel Gwyn,263-801-5819
374,Toiboid Bayston,298-233-7661
375,Lissie McTurk,717-828-6928
376,Nathan Sygroves,845-293-3509
377,Munroe Itzak,856-201-6092
378,Issy Terrill,248-548-2185
379,Tessi Czajka,407-948-5860
380,Waldon Colquhoun,506-793-4645
381,Mala Summerlie,824-768-4864
382,Nealy Veale,698-207-2580
383,Mohandas Grocutt,814-469-6916
384,Demetris Bayley,905-874-1898
385,Karalynn Garnson,981-705-9424
386,Babita Brunroth,689-976-8686
387,Levon Girardi,410-483-0302
388,Kalina Vlies,337-896-3771
389,Trev Boothebie,155-137-7609
390,Benjy Choffin,903-209-0569
391,Catherin Cuddihy,551-219-7340
392,Avigdor Barczynski,659-143-1436
393,Humfrey Keenan,798-961-7641
394,Burr Eixenberger,663-801-7755
395,Ripley Giles,952-574-3430
396,Aldin Domesday,127-664-5621
397,Jenn Gerhardt,275-605-5435
398,Romy Scholtz,436-207-5743
399,Cherye Biles,524-568-1045
400,Sadie Minto,342-169-2557
