ID,fullName,phoneNumber,email
1200,Customer 1200,0521258314,customer1200@example.com
1201,Customer 1201,0553149120,customer1201@example.com
1202,Customer 1202,0566533574,customer1202@example.com
1203,Customer 1203,0511996043,customer1203@example.com
1204,Customer 1204,0559826507,customer1204@example.com
1205,Customer 1205,0534048579,customer1205@example.com
1206,Customer 1206,0581803670,customer1206@example.com
1207,Customer 1207,0553244407,customer1207@example.com
1208,Customer 1208,0537452825,customer1208@example.com
1209,Customer 1209,0516933087,customer1209@example.com
1210,Customer 1210,0545681759,customer1210@example.com
1211,Customer 1211,0569201505,customer1211@example.com
1212,Customer 1212,0561874556,customer1212@example.com
1213,Customer 1213,0516462819,customer1213@example.com
1214,Customer 1214,0547651151,customer1214@example.com
1215,Customer 1215,0571831887,customer1215@example.com
1216,Customer 1216,0513919844,customer1216@example.com
1217,Customer 1217,0516787771,customer1217@example.com
1218,Customer 1218,0532662618,customer1218@example.com
1219,Customer 1219,0544573783,customer1219@example.com
1220,Customer 1220,0528128346,customer1220@example.com
1221,Customer 1221,0587131919,customer1221@example.com
1222,Customer 1222,0581978525,customer1222@example.com
1223,Customer 1223,0541821401,customer1223@example.com
1224,Customer 1224,0541124618,customer1224@example.com
1225,Customer 1225,0556862489,customer1225@example.com
1226,Customer 1226,0514720956,customer1226@example.com
1227,Customer 1227,0519196932,customer1227@example.com
1228,Customer 1228,0533535290,customer1228@example.com
1229,Customer 1229,0549112238,customer1229@example.com
1230,Customer 1230,0590706051,customer1230@example.com
1231,Customer 1231,0555527073,customer1231@example.com
1232,Customer 1232,0534958216,customer1232@example.com
1233,Customer 1233,0594650832,customer1233@example.com
1234,Customer 1234,0594473289,customer1234@example.com
1235,Customer 1235,0557050832,customer1235@example.com
1236,Customer 1236,0580476656,customer1236@example.com
1237,Customer 1237,0590714154,customer1237@example.com
1238,Customer 1238,0539514604,customer1238@example.com
1239,Customer 1239,0542297409,customer1239@example.com
1240,Customer 1240,0588489676,customer1240@example.com
1241,Customer 1241,0555389135,customer1241@example.com
1242,Customer 1242,0519245667,customer1242@example.com
1243,Customer 1243,0538459600,customer1243@example.com
1244,Customer 1244,0551419958,customer1244@example.com
1245,Customer 1245,0574556368,customer1245@example.com
1246,Customer 1246,0561955852,customer1246@example.com
1247,Customer 1247,0512883401,customer1247@example.com
1248,Customer 1248,0567863517,customer1248@example.com
1249,Customer 1249,0526107563,customer1249@example.com
1250,Customer 1250,0534915268,customer1250@example.com
1251,Customer 1251,0582134035,customer1251@example.com
1252,Customer 1252,0598188747,customer1252@example.com
1253,Customer 1253,0543095001,customer1253@example.com
1254,Customer 1254,0576075531,customer1254@example.com
1255,Customer 1255,0530381395,customer1255@example.com
1256,Customer 1256,0521051765,customer1256@example.com
1257,Customer 1257,0555762253,customer1257@example.com
1258,Customer 1258,0545471884,customer1258@example.com
1259,Customer 1259,0540856622,customer1259@example.com
1260,Customer 1260,0531456198,customer1260@example.com
1261,Customer 1261,0519124207,customer1261@example.com
1262,Customer 1262,0527668367,customer1262@example.com
1263,Customer 1263,0539480352,customer1263@example.com
1264,Customer 1264,0561412727,customer1264@example.com
1265,Customer 1265,0514023356,customer1265@example.com
1266,Customer 1266,0543216573,customer1266@example.com
1267,Customer 1267,0543699343,customer1267@example.com
1268,Customer 1268,0512706714,customer1268@example.com
1269,Customer 1269,0596075381,customer1269@example.com
1270,Customer 1270,0515516360,customer1270@example.com
1271,Customer 1271,0551026758,customer1271@example.com
1272,Customer 1272,0534249812,customer1272@example.com
1273,Customer 1273,0535540342,customer1273@example.com
1274,Customer 1274,0522487021,customer1274@example.com
1275,Customer 1275,0597258356,customer1275@example.com
1276,Customer 1276,0578135712,customer1276@example.com
1277,Customer 1277,0533357459,customer1277@example.com
1278,Customer 1278,0588102786,customer1278@example.com
1279,Customer 1279,0519279384,customer1279@example.com
1280,Customer 1280,0567984554,customer1280@example.com
1281,Customer 1281,0517407649,customer1281@example.com
1282,Customer 1282,0571122193,customer1282@example.com
1283,Customer 1283,0557274433,customer1283@example.com
1284,Customer 1284,0524744310,customer1284@example.com
1285,Customer 1285,0570320881,customer1285@example.com
1286,Customer 1286,0584346024,customer1286@example.com
1287,Customer 1287,0547219900,customer1287@example.com
1288,Customer 1288,0583876558,customer1288@example.com
1289,Customer 1289,0522370581,customer1289@example.com
1290,Customer 1290,0594455365,customer1290@example.com
1291,Customer 1291,0583902126,customer1291@example.com
1292,Customer 1292,0593435047,customer1292@example.com
1293,Customer 1293,0527451685,customer1293@example.com
1294,Customer 1294,0524540374,customer1294@example.com
1295,Customer 1295,0560113030,customer1295@example.com
1296,Customer 1296,0515323909,customer1296@example.com
1297,Customer 1297,0592293817,customer1297@example.com
1298,Customer 1298,0594875084,customer1298@example.com
1299,Customer 1299,0586706314,customer1299@example.com
1300,Customer 1300,0581423874,customer1300@example.com
1301,Customer 1301,0574469743,customer1301@example.com
1302,Customer 1302,0571517753,customer1302@example.com
1303,Customer 1303,0544310471,customer1303@example.com
1304,Customer 1304,0525645259,customer1304@example.com
1305,Customer 1305,0523413805,customer1305@example.com
1306,Customer 1306,0593450047,customer1306@example.com
1307,Customer 1307,0595623624,customer1307@example.com
1308,Customer 1308,0522951928,customer1308@example.com
1309,Customer 1309,0546235453,customer1309@example.com
1310,Customer 1310,0581527977,customer1310@example.com
1311,Customer 1311,0523475501,customer1311@example.com
1312,Customer 1312,0575372088,customer1312@example.com
1313,Customer 1313,0517351444,customer1313@example.com
1314,Customer 1314,0550882908,customer1314@example.com
1315,Customer 1315,0591954122,customer1315@example.com
1316,Customer 1316,0578302114,customer1316@example.com
1317,Customer 1317,0555720394,customer1317@example.com
1318,Customer 1318,0534241094,customer1318@example.com
1319,Customer 1319,0517185954,customer1319@example.com
1320,Customer 1320,0540037914,customer1320@example.com
1321,Customer 1321,0596823701,customer1321@example.com
1322,Customer 1322,0525485522,customer1322@example.com
1323,Customer 1323,0571779986,customer1323@example.com
1324,Customer 1324,0562938111,customer1324@example.com
1325,Customer 1325,0589499784,customer1325@example.com
1326,Customer 1326,0598141207,customer1326@example.com
1327,Customer 1327,0586621830,customer1327@example.com
1328,Customer 1328,0525893744,customer1328@example.com
1329,Customer 1329,0514716624,customer1329@example.com
1330,Customer 1330,0518709571,customer1330@example.com
1331,Customer 1331,0577961769,customer1331@example.com
1332,Customer 1332,0589173558,customer1332@example.com
1333,Customer 1333,0581771075,customer1333@example.com
1334,Customer 1334,0536903659,customer1334@example.com
1335,Customer 1335,0555316387,customer1335@example.com
1336,Customer 1336,0587900328,customer1336@example.com
1337,Customer 1337,0516261932,customer1337@example.com
1338,Customer 1338,0543268740,customer1338@example.com
1339,Customer 1339,0548236086,customer1339@example.com
1340,Customer 1340,0587118586,customer1340@example.com
1341,Customer 1341,0539102763,customer1341@example.com
1342,Customer 1342,0521805512,customer1342@example.com
1343,Customer 1343,0522724640,customer1343@example.com
1344,Customer 1344,0564341336,customer1344@example.com
1345,Customer 1345,0595870594,customer1345@example.com
1346,Customer 1346,0587348540,customer1346@example.com
1347,Customer 1347,0547302897,customer1347@example.com
1348,Customer 1348,0554466651,customer1348@example.com
1349,Customer 1349,0543318761,customer1349@example.com
1350,Customer 1350,0510870557,customer1350@example.com
1351,Customer 1351,0564774540,customer1351@example.com
1352,Customer 1352,0547546500,customer1352@example.com
1353,Customer 1353,0589313235,customer1353@example.com
1354,Customer 1354,0593367565,customer1354@example.com
1355,Customer 1355,0553613356,customer1355@example.com
1356,Customer 1356,0524897976,customer1356@example.com
1357,Customer 1357,0546740145,customer1357@example.com
1358,Customer 1358,0583461559,customer1358@example.com
1359,Customer 1359,0557219594,customer1359@example.com
1360,Customer 1360,0592771176,customer1360@example.com
1361,Customer 1361,0595096682,customer1361@example.com
1362,Customer 1362,0554116495,customer1362@example.com
1363,Customer 1363,0526388114,customer1363@example.com
1364,Customer 1364,0510858293,customer1364@example.com
1365,Customer 1365,0569949403,customer1365@example.com
1366,Customer 1366,0557225136,customer1366@example.com
1367,Customer 1367,0559921351,customer1367@example.com
1368,Customer 1368,0572825375,customer1368@example.com
1369,Customer 1369,0528731536,customer1369@example.com
1370,Customer 1370,0572534437,customer1370@example.com
1371,Customer 1371,0572971237,customer1371@example.com
1372,Customer 1372,0541573368,customer1372@example.com
1373,Customer 1373,0512724848,customer1373@example.com
1374,Customer 1374,0565469914,customer1374@example.com
1375,Customer 1375,0513544594,customer1375@example.com
1376,Customer 1376,0558743413,customer1376@example.com
1377,Customer 1377,0532688797,customer1377@example.com
1378,Customer 1378,0547255556,customer1378@example.com
1379,Customer 1379,0585286049,customer1379@example.com
1380,Customer 1380,0529592555,customer1380@example.com
1381,Customer 1381,0522081905,customer1381@example.com
1382,Customer 1382,0519828764,customer1382@example.com
1383,Customer 1383,0584791555,customer1383@example.com
1384,Customer 1384,0531282295,customer1384@example.com
1385,Customer 1385,0546198476,customer1385@example.com
1386,Customer 1386,0574834012,customer1386@example.com
1387,Customer 1387,0549480353,customer1387@example.com
1388,Customer 1388,0565449385,customer1388@example.com
1389,Customer 1389,0565535480,customer1389@example.com
1390,Customer 1390,0579808087,customer1390@example.com
1391,Customer 1391,0551008307,customer1391@example.com
1392,Customer 1392,0579062183,customer1392@example.com
1393,Customer 1393,0557239936,customer1393@example.com
1394,Customer 1394,0579411656,customer1394@example.com
1395,Customer 1395,0598150476,customer1395@example.com
1396,Customer 1396,0553971513,customer1396@example.com
1397,Customer 1397,0586307972,customer1397@example.com
1398,Customer 1398,0594526651,customer1398@example.com
1399,Customer 1399,0586491670,customer1399@example.com
